variant_id	chrom	pos	ref	alt	region	candidate_gene	annovar_func	annovar_gene	priority_rank	priority_score	selection_signal_max_abs	selection_target	primary_comparisons	secondary_comparisons	matched_window_count	functional_class	regulatory_class	whether_in_candidate31	whether_in_selected12	manual_tier	window_start_1based	window_end_1based	snp_offset_1based
chr19:23226482:C:T	chr19	23226482	C	T	SMG6	SMG6	exonic	SMG6	22	0.660784	54.9453	SMG6	UW_vs_Charolais	UW_vs_Angus,UW_vs_Mo-OD	7	exonic_nonsynonymous_or_stop	core_cis_unannotated_proxy	yes	yes	A_target_gene	22702195	23750770	524288
chr5:57622844:G:A	chr5	57622844	G	A	PMEL_GDF11_joint	PMEL		PMEL,GDF11	26	0.653959	180.19	PMEL	UW_vs_Angus	UW_vs_Charolais,UW_vs_Mo-OD	6	candidate_cis_unannotated	weak_regulatory_proxy	yes	yes	A_target_gene	57098557	58147132	524288
chr5:57663019:C:T	chr5	57663019	C	T	PMEL_GDF11_joint	PMEL		PMEL,GDF11	27	0.648299	180.19	PMEL	UW_vs_Angus	UW_vs_Charolais,UW_vs_Mo-OD	6	candidate_cis_unannotated	weak_regulatory_proxy	yes	no	A_target_gene	57138732	58187307	524288
chr5:57169336:C:T	chr5	57169336	C	T	PMEL_GDF11_joint	PMEL		PMEL,GDF11	30	0.638083	167.113	PMEL	UW_vs_Angus	UW_vs_Charolais,UW_vs_Mo-OD	6	candidate_cis_unannotated	weak_regulatory_proxy	yes	yes	A_target_gene	56645049	57693624	524288
chr5:57248904:T:C	chr5	57248904	T	C	PMEL_GDF11_joint	PMEL		PMEL,GDF11	31	0.633855	174.074	PMEL	UW_vs_Angus	UW_vs_Charolais,UW_vs_Mo-OD	6	candidate_cis_unannotated	core_cis_unannotated_proxy	yes	no	A_target_gene	56724617	57773192	524288
chr14:23325171:A:C	chr14	23325171	A	C	PLAG1	PLAG1	UTR3	PLAG1	39	0.62301	111.439	PLAG1	UW_vs_Mo-OD	UW_vs_Charolais,UW_vs_Angus	7	UTR3	UTR3_expression_proxy	yes	no	A_target_gene	22800884	23849459	524288
chr14:23329375:T:C	chr14	23329375	T	C	PLAG1	PLAG1	UTR3	PLAG1	62	0.60061	111.439	PLAG1	UW_vs_Mo-OD	UW_vs_Charolais,UW_vs_Angus	7	UTR3	UTR3_expression_proxy	yes	yes	A_target_gene	22805088	23853663	524288
chr14:23327660:T:A	chr14	23327660	T	A	PLAG1	PLAG1		PLAG1	197	0.56249	111.439	PLAG1	UW_vs_Mo-OD	UW_vs_Charolais,UW_vs_Angus	6	candidate_cis_unannotated	core_cis_unannotated_proxy	yes	no	A_target_gene	22803373	23851948	524288
chr14:23333210:T:C	chr14	23333210	T	C	PLAG1	PLAG1	intronic	PLAG1	207	0.56061	111.439	PLAG1	UW_vs_Mo-OD	UW_vs_Charolais,UW_vs_Angus	5	intronic	intronic_regulatory_proxy	yes	yes	A_target_gene	22808923	23857498	524288
chr13:57147869:A:G	chr13	57147869	A	G	EDN3	EDN3		EDN3	360	0.51646	77.5379	EDN3	UW_vs_Angus	UW_vs_Charolais,UW_vs_Mo-OD	6	candidate_cis_unannotated	core_cis_unannotated_proxy	yes	no	A_target_gene	56623582	57672157	524288
chr13:57182692:G:A	chr13	57182692	G	A	EDN3	EDN3		EDN3	362	0.51646	77.5379	EDN3	UW_vs_Angus	UW_vs_Charolais,UW_vs_Mo-OD	6	candidate_cis_unannotated	core_cis_unannotated_proxy	yes	no	A_target_gene	56658405	57706980	524288
chr13:57143178:C:T	chr13	57143178	C	T	EDN3	EDN3		EDN3	366	0.51458	77.5379	EDN3	UW_vs_Angus	UW_vs_Charolais,UW_vs_Mo-OD	6	candidate_cis_unannotated	core_cis_unannotated_proxy	yes	no	A_target_gene	56618891	57667466	524288
chr14:23241926:A:G	chr14	23241926	A	G	PLAG1	PLAG1	intronic	LYN	398	0.507501	73.9303	PLAG1	UW_vs_Mo-OD	UW_vs_Charolais,UW_vs_Angus	7	intronic	intronic_regulatory_proxy	yes	no	B_core_cis	22717639	23766214	524288
chr1:107029528:G:A	chr1	107029528	G	A	TRIM59	TRIM59	UTR5	TRIM59	473	0.495006	36.6083	TRIM59	UW_vs_Charolais	UW_vs_Angus,UW_vs_Mo-OD	7	UTR5	UTR5_expression_proxy	yes	no	A_target_gene	106505241	107553816	524288
chr1:107043304:T:C	chr1	107043304	T	C	TRIM59	TRIM59	UTR3	TRIM59	508	0.488406	36.6083	TRIM59	UW_vs_Charolais	UW_vs_Angus,UW_vs_Mo-OD	7	UTR3	UTR3_expression_proxy	yes	yes	A_target_gene	106519017	107567592	524288
chr19:23238411:G:A	chr19	23238411	G	A	SMG6	SMG6	intronic	SMG6	533	0.485784	54.9453	SMG6	UW_vs_Charolais	UW_vs_Angus,UW_vs_Mo-OD	5	intronic	intronic_regulatory_proxy	yes	no	A_target_gene	22714124	23762699	524288
chr19:23247469:A:C	chr19	23247469	A	C	SMG6	SMG6	intronic	SMG6	535	0.485784	54.9453	SMG6	UW_vs_Charolais	UW_vs_Angus,UW_vs_Mo-OD	7	intronic	intronic_regulatory_proxy	yes	yes	A_target_gene	22723182	23771757	524288
chr19:23265398:A:G	chr19	23265398	A	G	SMG6	SMG6	intronic	SMG6	537	0.485784	54.9453	SMG6	UW_vs_Charolais	UW_vs_Angus,UW_vs_Mo-OD	7	intronic	intronic_regulatory_proxy	yes	no	A_target_gene	22741111	23789686	524288
chr1:107028197:C:T	chr1	107028197	C	T	TRIM59	TRIM59	upstream	TRIM59	545	0.484306	36.6083	TRIM59	UW_vs_Charolais	UW_vs_Angus,UW_vs_Mo-OD	7	upstream	proximal_promoter_2kb_proxy	yes	no	A_target_gene	106503910	107552485	524288
chr1:107062854:G:A	chr1	107062854	G	A	TRIM59	TRIM59		TRIM59	748	0.472869	45.4336	TRIM59	UW_vs_Charolais	UW_vs_Angus,UW_vs_Mo-OD	6	candidate_cis_unannotated	core_cis_unannotated_proxy	yes	yes	A_target_gene	106538567	107587142	524288
chr13:63639352:A:G	chr13	63639352	A	G	ASIP	ASIP	upstream	ASIP	957	0.464369	1.89193	ASIP	UW_vs_Angus	UW_vs_Charolais,UW_vs_Mo-OD	5	upstream	proximal_promoter_2kb_proxy	yes	yes	A_target_gene	63115065	64163640	524288
chr13:63668114:A:T	chr13	63668114	A	T	ASIP	ASIP	UTR3	ASIP	1103	0.459596	2.72216	ASIP	UW_vs_Angus	UW_vs_Charolais,UW_vs_Mo-OD	7	UTR3	UTR3_expression_proxy	yes	yes	A_target_gene	63143827	64192402	524288
chr13:57062481:G:A	chr13	57062481	G	A	EDN3	EDN3	UTR3	EDN3	1284	0.448607	2.43571	EDN3	UW_vs_Angus	UW_vs_Charolais,UW_vs_Mo-OD	7	UTR3	UTR3_expression_proxy	yes	no	A_target_gene	56538194	57586769	524288
chr5:57408786:C:T	chr5	57408786	C	T	PMEL_GDF11_joint	GDF11	intergenic	PYM1,MMP19	1479	0.442095	49.9307	PMEL_GDF11_joint	UW_vs_Angus,UW_vs_Mo-OD	UW_vs_Charolais	7	intergenic	near_gene_intergenic_proxy	yes	no	A_target_gene	56884499	57933074	524288
chr13:63741362:C:T	chr13	63741362	C	T	ASIP	ASIP		ASIP	1761	0.430468	14.2058	ASIP	UW_vs_Angus	UW_vs_Charolais,UW_vs_Mo-OD	6	candidate_cis_unannotated	core_cis_unannotated_proxy	yes	no	A_target_gene	63217075	64265650	524288
chr13:63764669:T:A	chr13	63764669	T	A	ASIP	ASIP		ASIP	1764	0.430468	14.2058	ASIP	UW_vs_Angus	UW_vs_Charolais,UW_vs_Mo-OD	6	candidate_cis_unannotated	core_cis_unannotated_proxy	yes	no	A_target_gene	63240382	64288957	524288
chr5:57500928:T:G	chr5	57500928	T	G	PMEL_GDF11_joint	GDF11	intergenic	SARNP,GDF11	3935	0.405587	21.6581	GDF11	UW_vs_Mo-OD	UW_vs_Charolais,UW_vs_Angus	7	intergenic	core_cis_intergenic_proxy	yes	no	A_target_gene	56976641	58025216	524288
chr5:57519403:A:G	chr5	57519403	A	G	PMEL_GDF11_joint	GDF11	intergenic	GDF11,CD63	3936	0.405587	21.6581	GDF11	UW_vs_Mo-OD	UW_vs_Charolais,UW_vs_Angus	5	intergenic	core_cis_intergenic_proxy	yes	yes	A_target_gene	56995116	58043691	524288
chr5:57518366:C:T	chr5	57518366	C	T	PMEL_GDF11_joint	GDF11	intergenic	GDF11,CD63	4632	0.398047	21.6581	GDF11	UW_vs_Mo-OD	UW_vs_Charolais,UW_vs_Angus	5	intergenic	core_cis_intergenic_proxy	yes	yes	A_target_gene	56994079	58042654	524288
chr19:23107200:G:A	chr19	23107200	G	A	SMG6	SMG6	intronic	SMG6	8536	0.355088	0.433298	SMG6	UW_vs_Charolais	UW_vs_Angus,UW_vs_Mo-OD	7	intronic	intronic_regulatory_proxy	yes	no	A_target_gene	22582913	23631488	524288
chr13:63559879:T:C	chr13	63559879	T	C	ASIP	ASIP	intergenic	EIF2S2,ASIP	14370	0.216469	3.2179	ASIP	UW_vs_Angus	UW_vs_Charolais,UW_vs_Mo-OD	5	intergenic	core_cis_intergenic_proxy	yes	no	A_target_gene	63035592	64084167	524288
