variant_id	region	candidate_gene	chrom	pos	ref	alt	annovar_gene	annovar_func	priority_rank	priority_score	selection_signal_max_abs	evo2_abs_delta_likelihood	dnase_center_abs_delta_sum	dnase_center_max_abs_delta	atac_center_abs_delta_sum	atac_center_max_abs_delta	expression_related_abs_score	expression_related_signed_sum	targeted_motif_top_tf	targeted_motif_family	targeted_motif_delta	targeted_motif_abs_normalized_delta	UW_enriched_allele	direction_class	support_class	integrated_score	integrated_rank	integrated_category
chr14:23325171:A:C	PLAG1	PLAG1	chr14	23325171	A	C	PLAG1	UTR3	39	0.62301	111.439	0.0002475380898	0.35508728	0.016357422	0.042257048	0.015174866	1.7069778	0.79644012	HIF1A	adaptation	11.395054	0.18902787	intermediate	intermediate	LD-haplotype	0.553958	1	Sequence_model_supported
chr5:57169336:C:T	PMEL_GDF11_joint	PMEL	chr5	57169336	C	T	PMEL,GDF11		30	0.638083	167.113	0.0001063346863	10.888062	1.0117188	16.116585	1.5	191.46751	-185.88992	LEF1	development	5.567405	0.13406551	ALT	UW_enriched_ALT	direct SNP	0.541178	2	Open_chromatin_supported
chr1:107062854:G:A	TRIM59	TRIM59	chr1	107062854	G	A	TRIM59		748	0.472869	45.4336	0.0001990795135	0.17867661	0.093017578	0.48489386	0.12890625	1.4576034	0.2833786	SHOX2	development	10.7261	0.21519606	low_confidence	low_confidence	low confidence	0.443612	3	Sequence_model_supported
chr19:23226482:C:T	SMG6	SMG6	chr19	23226482	C	T	SMG6	exonic	22	0.660784	54.9453	0.0001395940781	2.7205887	0.11474609	0.39628047	0.050292969	1.3419266	-0.30110931	SOX10	pigment	9.3017424	0.19269099	intermediate	intermediate	same-window	0.440881	4	Open_chromatin_supported
chr1:107029528:G:A	TRIM59	TRIM59	chr1	107029528	G	A	TRIM59	UTR5	473	0.495006	36.6083	2.777576447e-05	10.40918	0.375	32.090378	1.296875	6.5740662	-5.547699	ARNT	adaptation	-13.226462	0.19962934	intermediate	intermediate	LD-haplotype	0.399597	5	Open_chromatin_supported
chr13:63668114:A:T	ASIP	ASIP	chr13	63668114	A	T	ASIP	UTR3	1103	0.459596	2.72216	1.931190491e-05	86.579224	2.5332031	19.985712	2.609375	4.8172645	3.066227	FOS	adaptation	-13.287857	0.14795887	ALT	UW_enriched_ALT	direct SNP	0.394963	6	Open_chromatin_supported
chr19:23265398:A:G	SMG6	SMG6	chr19	23265398	A	G	SMG6	intronic	537	0.485784	54.9453	0.000183224678	0.18312836	0.016113281	0.11033785	0.017333984	0.12453419	0.1172381	TCF7	development	-7.8341445	0.17511959	intermediate	intermediate	same-window	0.363202	7	Sequence_model_supported
chr13:63639352:A:G	ASIP	ASIP	chr13	63639352	A	G	ASIP	upstream	957	0.464369	1.89193	0.0001821517944	0.30030823	0.045898438	0.19680841	0.051269531	0.69402361	0.69048357	HIF1A	adaptation	9.8009577	0.16258406	intermediate	intermediate	direct SNP	0.354426	8	Sequence_model_supported
chr5:57248904:T:C	PMEL_GDF11_joint	PMEL	chr5	57248904	T	C	PMEL,GDF11		31	0.633855	174.074	0.0001506209373	0.15099335	0.013549805	0.056430556	0.0056152344	0.038172483	0.036508322	SHOX2	development	-8.2169241	0.16485486	ALT	UW_enriched_ALT	direct SNP	0.348694	9	Sequence_model_supported
chr5:57518366:C:T	PMEL_GDF11_joint	GDF11	chr5	57518366	C	T	GDF11,CD63	intergenic	4632	0.398047	21.6581	0.000131726265	1.0296326	0.071289062	1.5825398	0.3125	0.054215279	0.037697639	HIF1A	adaptation	-13.287857	0.22367036	intermediate	intermediate	LD-haplotype	0.345373	10	Open_chromatin_supported
chr5:57519403:A:G	PMEL_GDF11_joint	GDF11	chr5	57519403	A	G	GDF11,CD63	intergenic	3936	0.405587	21.6581	0.0001225471497	1.9865723	0.12304688	0.92924464	0.14355469	0.070103539	0.06972967	ARNT	adaptation	-13.287857	0.20055599	intermediate	intermediate	LD-haplotype	0.316604	11	Selection_only_or_biological_candidate
chr14:23241926:A:G	PLAG1	PLAG1	chr14	23241926	A	G	LYN	intronic	398	0.507501	73.9303	0.0001052618027	0.5020752	0.05859375	0.14983168	0.027709961	0.3829354	-0.37538326	TCF7	development	6.5034734	0.1453746	intermediate	intermediate	LD-haplotype	0.222868	12	Selection_only_or_biological_candidate
